title,h1_tags,word_count,keywords,description,snapshot_url,Timestamp,description_length,keyword_count
StudyLink - StudyLink,null,296,"student, loan, allowance, costs, statistics","StudyLink - We connect people with the information they need to make informed decisions about student finances and other study-related issues, and provide financial support to students.",https://web.archive.org/web/20150108132526/http://www.studylink.govt.nz:80/,8/01/2015 13:25,185,5
StudyLink - StudyLink,null,301,"student, loan, allowance, costs, statistics","StudyLink - We connect people with the information they need to make informed decisions about student finances and other study-related issues, and provide financial support to students.",https://web.archive.org/web/20150113043945/http://studylink.govt.nz/,13/01/2015 4:39,185,5
StudyLink - StudyLink,null,311,"student, loan, allowance, costs, statistics","StudyLink - We connect people with the information they need to make informed decisions about student finances and other study-related issues, and provide financial support to students.",https://web.archive.org/web/20150116051611/http://www.studylink.govt.nz:80/,16/01/2015 5:16,185,5
StudyLink - StudyLink,null,314,"student, loan, allowance, costs, statistics","StudyLink - We connect people with the information they need to make informed decisions about student finances and other study-related issues, and provide financial support to students.",https://web.archive.org/web/20150205230209/http://studylink.govt.nz:80/,5/02/2015 23:02,185,5
StudyLink - StudyLink,null,314,"student, loan, allowance, costs, statistics","StudyLink - We connect people with the information they need to make informed decisions about student finances and other study-related issues, and provide financial support to students.",https://web.archive.org/web/20150216031437/http://www.studylink.govt.nz:80/,16/02/2015 3:14,185,5
StudyLink - StudyLink,null,313,"student, loan, allowance, costs, statistics","StudyLink - We connect people with the information they need to make informed decisions about student finances and other study-related issues, and provide financial support to students.",https://web.archive.org/web/20150225225130/http://www.studylink.govt.nz:80/,25/02/2015 22:51,185,5
StudyLink - StudyLink,null,356,"student, loan, allowance, costs, statistics","StudyLink - We connect people with the information they need to make informed decisions about student finances and other study-related issues, and provide financial support to students.",https://web.archive.org/web/20150306140231/http://www.studylink.govt.nz:80/,6/03/2015 14:02,185,5
StudyLink - StudyLink,null,343,"student, loan, allowance, costs, statistics","StudyLink - We connect people with the information they need to make informed decisions about student finances and other study-related issues, and provide financial support to students.",https://web.archive.org/web/20150321091417/http://www.studylink.govt.nz:80/,21/03/2015 9:14,185,5
StudyLink - StudyLink,null,200,"student, loan, allowance, costs, statistics","StudyLink - We connect people with the information they need to make informed decisions about student finances and other study-related issues, and provide financial support to students.",https://web.archive.org/web/20150403133934/http://www.studylink.govt.nz:80/,3/04/2015 13:39,185,5
StudyLink - StudyLink,null,203,"student, loan, allowance, costs, statistics","StudyLink - We connect people with the information they need to make informed decisions about student finances and other study-related issues, and provide financial support to students.",https://web.archive.org/web/20150419050222/http://studylink.govt.nz:80/,19/04/2015 5:02,185,5
StudyLink - StudyLink,null,204,"student, loan, allowance, costs, statistics","StudyLink - We connect people with the information they need to make informed decisions about student finances and other study-related issues, and provide financial support to students.",https://web.archive.org/web/20150521145404/http://www.studylink.govt.nz:80/,21/05/2015 14:54,185,5
StudyLink - StudyLink,null,204,"student, loan, allowance, costs, statistics","StudyLink - We connect people with the information they need to make informed decisions about student finances and other study-related issues, and provide financial support to students.",https://web.archive.org/web/20150601200348/http://www.studylink.govt.nz/,1/06/2015 20:03,185,5
StudyLink - StudyLink,null,199,"student, loan, allowance, costs, statistics","StudyLink - We connect people with the information they need to make informed decisions about student finances and other study-related issues, and provide financial support to students.",https://web.archive.org/web/20150607072656/http://www.studylink.govt.nz:80/,7/06/2015 7:26,185,5
StudyLink - StudyLink,null,210,"student, loan, allowance, costs, statistics","StudyLink - We connect people with the information they need to make informed decisions about student finances and other study-related issues, and provide financial support to students.",https://web.archive.org/web/20150624063417/http://www.studylink.govt.nz:80/,24/06/2015 6:34,185,5
StudyLink - StudyLink,null,214,"student, loan, allowance, costs, statistics","StudyLink - We connect people with the information they need to make informed decisions about student finances and other study-related issues, and provide financial support to students.",https://web.archive.org/web/20150708134721/http://www.studylink.govt.nz/,8/07/2015 13:47,185,5
StudyLink - StudyLink,null,191,"student, loan, allowance, costs, statistics","StudyLink - We connect people with the information they need to make informed decisions about student finances and other study-related issues, and provide financial support to students.",https://web.archive.org/web/20150810140954/http://www.studylink.govt.nz:80/,10/08/2015 14:09,185,5
StudyLink - StudyLink,null,206,"student, loan, allowance, costs, statistics","StudyLink - We connect people with the information they need to make informed decisions about student finances and other study-related issues, and provide financial support to students.",https://web.archive.org/web/20150826000553/http://www.studylink.govt.nz:80/,26/08/2015 0:05,185,5
StudyLink - StudyLink,null,202,"student, loan, allowance, costs, statistics","StudyLink - We connect people with the information they need to make informed decisions about student finances and other study-related issues, and provide financial support to students.",https://web.archive.org/web/20150930080945/http://www.studylink.govt.nz/,30/09/2015 8:09,185,5
StudyLink - StudyLink,null,209,"student, loan, allowance, costs, it's a date","StudyLink - We connect people with the information they need to make informed decisions about student finances and other study-related issues, and provide financial support to students.",https://web.archive.org/web/20151015071234/http://www.studylink.govt.nz:80/,15/10/2015 7:12,185,5
StudyLink - StudyLink,null,195,"student, loan, allowance, costs, it's a date","StudyLink - We connect people with the information they need to make informed decisions about student finances and other study-related issues, and provide financial support to students.",https://web.archive.org/web/20151104065843/http://www.studylink.govt.nz:80/,4/11/2015 6:58,185,5
StudyLink - StudyLink,null,241,"student, loan, allowance, costs, it's a date","StudyLink - We connect people with the information they need to make informed decisions about student finances and other study-related issues, and provide financial support to students.",https://web.archive.org/web/20151127090505/http://www.studylink.govt.nz:80/,27/11/2015 9:05,185,5
StudyLink - StudyLink,null,240,"student, loan, allowance, costs, it's a date","StudyLink - We connect people with the information they need to make informed decisions about student finances and other study-related issues, and provide financial support to students.",https://web.archive.org/web/20151201022113/http://www.studylink.govt.nz:80/,1/12/2015 2:21,185,5
StudyLink - StudyLink,null,239,"student, loan, allowance, costs, it's a date","StudyLink - We connect people with the information they need to make informed decisions about student finances and other study-related issues, and provide financial support to students.",https://web.archive.org/web/20151213115551/http://www.studylink.govt.nz:80/,13/12/2015 11:55,185,5
StudyLink - StudyLink,null,243,"student, loan, allowance, costs, it's a date","StudyLink - We connect people with the information they need to make informed decisions about student finances and other study-related issues, and provide financial support to students.",https://web.archive.org/web/20151224161804/http://www.studylink.govt.nz:80/,24/12/2015 16:18,185,5
StudyLink - StudyLink,null,227,"student, loan, allowance, costs, it's a date","StudyLink - We connect people with the information they need to make informed decisions about student finances and other study-related issues, and provide financial support to students.",https://web.archive.org/web/20160110211218/http://www.studylink.govt.nz:80/,10/01/2016 21:12,185,5
StudyLink - StudyLink,null,184,"student, loan, allowance, costs, it's a date","StudyLink - We connect people with the information they need to make informed decisions about student finances and other study-related issues, and provide financial support to students.",https://web.archive.org/web/20160118175625/http://www.studylink.govt.nz:80/,18/01/2016 17:56,185,5
StudyLink - StudyLink,null,194,"student, loan, allowance, costs, it's a date","StudyLink - We connect people with the information they need to make informed decisions about student finances and other study-related issues, and provide financial support to students.",https://web.archive.org/web/20160130201154/http://www.studylink.govt.nz:80/?,30/01/2016 20:11,185,5
StudyLink - StudyLink,null,226,"student, loan, allowance, costs, it's a date","StudyLink - We connect people with the information they need to make informed decisions about student finances and other study-related issues, and provide financial support to students.",https://web.archive.org/web/20160202035504/http://www.studylink.govt.nz:80/,2/02/2016 3:55,185,5
StudyLink - StudyLink,null,231,"student, loan, allowance, costs, it's a date","StudyLink - We connect people with the information they need to make informed decisions about student finances and other study-related issues, and provide financial support to students.",https://web.archive.org/web/20160209192751/http://www.studylink.govt.nz:80/,9/02/2016 19:27,185,5
StudyLink - StudyLink,null,224,"student, loan, allowance, costs, it's a date","StudyLink - We connect people with the information they need to make informed decisions about student finances and other study-related issues, and provide financial support to students.",https://web.archive.org/web/20160215175038/http://studylink.govt.nz/,15/02/2016 17:50,185,5
StudyLink - StudyLink,null,229,"student, loan, allowance, costs, it's a date","StudyLink - We connect people with the information they need to make informed decisions about student finances and other study-related issues, and provide financial support to students.",https://web.archive.org/web/20160221123417/http://www.studylink.govt.nz:80/,21/02/2016 12:34,185,5
StudyLink - StudyLink,null,222,"student, loan, allowance, costs, it's a date","StudyLink - We connect people with the information they need to make informed decisions about student finances and other study-related issues, and provide financial support to students.",https://web.archive.org/web/20160226163454/http://www.studylink.govt.nz:80/,26/02/2016 16:34,185,5
StudyLink - StudyLink,null,241,"student, loan, allowance, costs, it's a date","StudyLink - We connect people with the information they need to make informed decisions about student finances and other study-related issues, and provide financial support to students.",https://web.archive.org/web/20160302190954/http://www.studylink.govt.nz:80/,2/03/2016 19:09,185,5
StudyLink - StudyLink,null,241,"student, loan, allowance, costs, it's a date","StudyLink - We connect people with the information they need to make informed decisions about student finances and other study-related issues, and provide financial support to students.",https://web.archive.org/web/20160304095549/http://www.studylink.govt.nz/,4/03/2016 9:55,185,5
StudyLink - StudyLink,null,248,"student, loan, allowance, costs, it's a date","StudyLink - We connect people with the information they need to make informed decisions about student finances and other study-related issues, and provide financial support to students.",https://web.archive.org/web/20160307122822/http://www.studylink.govt.nz:80/,7/03/2016 12:28,185,5
StudyLink - StudyLink,null,211,"student, loan, allowance, costs, it's a date","StudyLink - We connect people with the information they need to make informed decisions about student finances and other study-related issues, and provide financial support to students.",https://web.archive.org/web/20160312062102/http://www.studylink.govt.nz:80/,12/03/2016 6:21,185,5
StudyLink - StudyLink,null,240,"student, loan, allowance, costs, it's a date","StudyLink - We connect people with the information they need to make informed decisions about student finances and other study-related issues, and provide financial support to students.",https://web.archive.org/web/20160325211808/http://www.studylink.govt.nz:80/,25/03/2016 21:18,185,5
StudyLink - StudyLink,null,199,"student, loan, allowance, costs, it's a date","StudyLink - We connect people with the information they need to make informed decisions about student finances and other study-related issues, and provide financial support to students.",https://web.archive.org/web/20160330014411/http://www.studylink.govt.nz:80/,30/03/2016 1:44,185,5
StudyLink - StudyLink,null,199,"student, loan, allowance, costs, it's a date","StudyLink - We connect people with the information they need to make informed decisions about student finances and other study-related issues, and provide financial support to students.",https://web.archive.org/web/20160404015235/http://www.studylink.govt.nz:80/,4/04/2016 1:52,185,5
StudyLink - StudyLink,null,203,"student, loan, allowance, costs, it's a date","StudyLink - We connect people with the information they need to make informed decisions about student finances and other study-related issues, and provide financial support to students.",https://web.archive.org/web/20160414040622/http://www.studylink.govt.nz:80/,14/04/2016 4:06,185,5
StudyLink - StudyLink,null,219,"student, loan, allowance, costs, it's a date","StudyLink - We connect people with the information they need to make informed decisions about student finances and other study-related issues, and provide financial support to students.",https://web.archive.org/web/20160424175442/http://www.studylink.govt.nz:80/,24/04/2016 17:54,185,5
StudyLink - StudyLink,null,230,"student, loan, allowance, costs, it's a date","StudyLink - We connect people with the information they need to make informed decisions about student finances and other study-related issues, and provide financial support to students.",https://web.archive.org/web/20160430181129/http://www.studylink.govt.nz:80/,30/04/2016 18:11,185,5
StudyLink - StudyLink,null,209,"student, loan, allowance, costs, it's a date","StudyLink - We connect people with the information they need to make informed decisions about student finances and other study-related issues, and provide financial support to students.",https://web.archive.org/web/20160506015336/http://www.studylink.govt.nz:80/,6/05/2016 1:53,185,5
StudyLink - StudyLink,null,206,"student, loan, allowance, costs, it's a date","StudyLink - We connect people with the information they need to make informed decisions about student finances and other study-related issues, and provide financial support to students.",https://web.archive.org/web/20160510211500/http://www.studylink.govt.nz:80/,10/05/2016 21:15,185,5
StudyLink - StudyLink,null,206,"student, loan, allowance, costs, it's a date","StudyLink - We connect people with the information they need to make informed decisions about student finances and other study-related issues, and provide financial support to students.",https://web.archive.org/web/20160516230351/http://www.studylink.govt.nz:80/,16/05/2016 23:03,185,5
StudyLink - StudyLink,null,213,"student, loan, allowance, costs, it's a date","StudyLink - We connect people with the information they need to make informed decisions about student finances and other study-related issues, and provide financial support to students.",https://web.archive.org/web/20160522052023/http://www.studylink.govt.nz:80/,22/05/2016 5:20,185,5
StudyLink - StudyLink,null,236,"student, loan, allowance, costs, it's a date","StudyLink - We connect people with the information they need to make informed decisions about student finances and other study-related issues, and provide financial support to students.",https://web.archive.org/web/20160529025104/http://www.studylink.govt.nz:80/?,29/05/2016 2:51,185,5
StudyLink - StudyLink,null,212,"student, loan, allowance, costs, it's a date","StudyLink - We connect people with the information they need to make informed decisions about student finances and other study-related issues, and provide financial support to students.",https://web.archive.org/web/20160601000951/http://www.studylink.govt.nz:80/,1/06/2016 0:09,185,5
StudyLink - StudyLink,null,231,"student, loan, allowance, costs, it's a date","StudyLink - We connect people with the information they need to make informed decisions about student finances and other study-related issues, and provide financial support to students.",https://web.archive.org/web/20160611141354/http://www.studylink.govt.nz:80/,11/06/2016 14:13,185,5
StudyLink - StudyLink,null,212,"student, loan, allowance, costs, it's a date","StudyLink - We connect people with the information they need to make informed decisions about student finances and other study-related issues, and provide financial support to students.",https://web.archive.org/web/20160617011953/http://www.studylink.govt.nz:80/,17/06/2016 1:19,185,5
StudyLink - StudyLink,null,203,"student, loan, allowance, costs, it's a date","StudyLink - We connect people with the information they need to make informed decisions about student finances and other study-related issues, and provide financial support to students.",https://web.archive.org/web/20160622023349/http://www.studylink.govt.nz:80/,22/06/2016 2:33,185,5
StudyLink - StudyLink,null,196,"student, loan, allowance, costs, it's a date","StudyLink - We connect people with the information they need to make informed decisions about student finances and other study-related issues, and provide financial support to students.",https://web.archive.org/web/20160627223352/http://www.studylink.govt.nz:80/,27/06/2016 22:33,185,5
StudyLink - StudyLink,null,196,"student, loan, allowance, costs, it's a date","StudyLink - We connect people with the information they need to make informed decisions about student finances and other study-related issues, and provide financial support to students.",https://web.archive.org/web/20160628220625/http://www.studylink.govt.nz:80/?,28/06/2016 22:06,185,5
StudyLink - StudyLink,null,196,"student, loan, allowance, costs, it's a date","StudyLink - We connect people with the information they need to make informed decisions about student finances and other study-related issues, and provide financial support to students.",https://web.archive.org/web/20160712230029/http://www.studylink.govt.nz:80/,12/07/2016 23:00,185,5
StudyLink - StudyLink,null,188,"student, loan, allowance, costs, it's a date","StudyLink - We connect people with the information they need to make informed decisions about student finances and other study-related issues, and provide financial support to students.",https://web.archive.org/web/20160715083711/http://www.studylink.govt.nz/,15/07/2016 8:37,185,5
StudyLink - StudyLink,null,170,"student, loan, allowance, costs, it's a date","StudyLink - We connect people with the information they need to make informed decisions about student finances and other study-related issues, and provide financial support to students.",https://web.archive.org/web/20160718001824/http://www.studylink.govt.nz:80/,18/07/2016 0:18,185,5
StudyLink - StudyLink,null,176,"student, loan, allowance, costs, it's a date","StudyLink - We connect people with the information they need to make informed decisions about student finances and other study-related issues, and provide financial support to students.",https://web.archive.org/web/20160723000312/http://www.studylink.govt.nz:80/,23/07/2016 0:03,185,5
StudyLink - StudyLink,null,202,"student, loan, allowance, costs, it's a date","StudyLink - We connect people with the information they need to make informed decisions about student finances and other study-related issues, and provide financial support to students.",https://web.archive.org/web/20160729114420/http://www.studylink.govt.nz:80/?,29/07/2016 11:44,185,5
StudyLink - StudyLink,null,184,"student, loan, allowance, costs, it's a date","StudyLink - We connect people with the information they need to make informed decisions about student finances and other study-related issues, and provide financial support to students.",https://web.archive.org/web/20160731170205/http://www.studylink.govt.nz:80/,31/07/2016 17:02,185,5
StudyLink - StudyLink,null,185,"student, loan, allowance, costs, it's a date","StudyLink - We connect people with the information they need to make informed decisions about student finances and other study-related issues, and provide financial support to students.",https://web.archive.org/web/20160822235149/http://www.studylink.govt.nz:80/,22/08/2016 23:51,185,5
StudyLink - StudyLink,null,185,"student, loan, allowance, costs, it's a date","StudyLink - We connect people with the information they need to make informed decisions about student finances and other study-related issues, and provide financial support to students.",https://web.archive.org/web/20160826223808/http://www.studylink.govt.nz/,26/08/2016 22:38,185,5
StudyLink - StudyLink,null,185,"student, loan, allowance, costs, it's a date","StudyLink - We connect people with the information they need to make informed decisions about student finances and other study-related issues, and provide financial support to students.",https://web.archive.org/web/20160828025845/http://www.studylink.govt.nz:80/,28/08/2016 2:58,185,5
StudyLink - StudyLink,null,194,"student, loan, allowance, costs, it's a date","StudyLink - We connect people with the information they need to make informed decisions about student finances and other study-related issues, and provide financial support to students.",https://web.archive.org/web/20160907022642/http://www.studylink.govt.nz:80/,7/09/2016 2:26,185,5
StudyLink - StudyLink,null,194,"student, loan, allowance, costs, it's a date","StudyLink - We connect people with the information they need to make informed decisions about student finances and other study-related issues, and provide financial support to students.",https://web.archive.org/web/20160911205935/http://www.studylink.govt.nz:80/,11/09/2016 20:59,185,5
StudyLink - StudyLink,null,193,"student, loan, allowance, costs, it's a date","StudyLink - We connect people with the information they need to make informed decisions about student finances and other study-related issues, and provide financial support to students.",https://web.archive.org/web/20160916215151/http://www.studylink.govt.nz:80/,16/09/2016 21:51,185,5
StudyLink - StudyLink,null,178,"student, loan, allowance, costs, it's a date","StudyLink - We connect people with the information they need to make informed decisions about student finances and other study-related issues, and provide financial support to students.",https://web.archive.org/web/20160929064924/http://www.studylink.govt.nz:80/,29/09/2016 6:49,185,5
StudyLink - StudyLink,null,187,"student, loan, allowance, costs, it's a date","StudyLink - We connect people with the information they need to make informed decisions about student finances and other study-related issues, and provide financial support to students.",https://web.archive.org/web/20160930103012/http://www.studylink.govt.nz:80/,30/09/2016 10:30,185,5
StudyLink - StudyLink,null,187,"student, loan, allowance, costs, it's a date","StudyLink - We connect people with the information they need to make informed decisions about student finances and other study-related issues, and provide financial support to students.",https://web.archive.org/web/20161002040608/http://studylink.govt.nz/,2/10/2016 4:06,185,5
StudyLink - StudyLink,null,245,"student, loan, allowance, costs, it's a date","StudyLink - We connect people with the information they need to make informed decisions about student finances and other study-related issues, and provide financial support to students.",https://web.archive.org/web/20161005181036/http://www.studylink.govt.nz:80/,5/10/2016 18:10,185,5
StudyLink - StudyLink,null,266,"student, loan, allowance, costs, it's a date","StudyLink - We connect people with the information they need to make informed decisions about student finances and other study-related issues, and provide financial support to students.",https://web.archive.org/web/20161012165917/http://www.studylink.govt.nz/,12/10/2016 16:59,185,5
StudyLink - StudyLink,null,245,"student, loan, allowance, costs, it's a date","StudyLink - We connect people with the information they need to make informed decisions about student finances and other study-related issues, and provide financial support to students.",https://web.archive.org/web/20161014162711/http://www.studylink.govt.nz:80/,14/10/2016 16:27,185,5
StudyLink - StudyLink,null,245,"student, loan, allowance, costs, it's a date","StudyLink - We connect people with the information they need to make informed decisions about student finances and other study-related issues, and provide financial support to students.",https://web.archive.org/web/20161021031214/http://www.studylink.govt.nz:80/,21/10/2016 3:12,185,5
Studylink - StudyLink,['Home'],406,"StudyLink, study, student","We help students make informed choices about their student finance, how to apply for it and manage it online.",https://web.archive.org/web/20170125191529/https://www.studylink.govt.nz/,25/01/2017 19:15,109,3
Studylink - StudyLink,['Home'],406,"StudyLink, study, student","We help students make informed choices about their student finance, how to apply for it and manage it online.",https://web.archive.org/web/20170129112111/http://www.studylink.govt.nz:80/,29/01/2017 11:21,109,3
Studylink - StudyLink,['Home'],406,"StudyLink, study, student","We help students make informed choices about their student finance, how to apply for it and manage it online.",https://web.archive.org/web/20170208164028/https://www.studylink.govt.nz/,8/02/2017 16:40,109,3
Studylink - StudyLink,['Home'],383,"StudyLink, study, student","We help students make informed choices about their student finance, how to apply for it and manage it online.",https://web.archive.org/web/20170405232819/http://studylink.govt.nz/,5/04/2017 23:28,109,3
Studylink - StudyLink,['Home'],383,"StudyLink, study, student","We help students make informed choices about their student finance, how to apply for it and manage it online.",https://web.archive.org/web/20170406002930/http://www.studylink.govt.nz/,6/04/2017 0:29,109,3
Studylink - StudyLink,['Home'],411,"StudyLink, study, student","We help students make informed choices about their student finance, how to apply for it and manage it online.",https://web.archive.org/web/20170603210044/https://studylink.govt.nz/,3/06/2017 21:00,109,3
Studylink - StudyLink,['Home'],411,"StudyLink, study, student","We help students make informed choices about their student finance, how to apply for it and manage it online.",https://web.archive.org/web/20170603213002/http://www.studylink.govt.nz/,3/06/2017 21:30,109,3
Studylink - StudyLink,['Home'],411,"StudyLink, study, student","We help students make informed choices about their student finance, how to apply for it and manage it online.",https://web.archive.org/web/20170709222134/https://studylink.govt.nz/,9/07/2017 22:21,109,3
Studylink - StudyLink,['Home'],411,"StudyLink, study, student","We help students make informed choices about their student finance, how to apply for it and manage it online.",https://web.archive.org/web/20170729210118/https://www.studylink.govt.nz/,29/07/2017 21:01,109,3
Studylink - StudyLink,['Home'],411,"StudyLink, study, student","We help students make informed choices about their student finance, how to apply for it and manage it online.",https://web.archive.org/web/20170730131235/http://studylink.govt.nz:80/,30/07/2017 13:12,109,3
Studylink - StudyLink,['Home'],425,"StudyLink, study, student","We help students make informed choices about their student finance, how to apply for it and manage it online.",https://web.archive.org/web/20171012005303/https://studylink.govt.nz/,12/10/2017 0:53,109,3
Studylink - StudyLink,['Home'],425,"StudyLink, study, student","We help students make informed choices about their student finance, how to apply for it and manage it online.",https://web.archive.org/web/20171012042021/http://studylink.govt.nz:80/,12/10/2017 4:20,109,3
Studylink - StudyLink,['Home'],425,"StudyLink, study, student","We help students make informed choices about their student finance, how to apply for it and manage it online.",https://web.archive.org/web/20171117014151/https://www.studylink.govt.nz/,17/11/2017 1:41,109,3
Studylink - StudyLink,['Home'],425,"StudyLink, study, student","We help students make informed choices about their student finance, how to apply for it and manage it online.",https://web.archive.org/web/20171119141530/http://www.studylink.govt.nz:80/,19/11/2017 14:15,109,3
Studylink - StudyLink,['Home'],427,"StudyLink, study, student","We help students make informed choices about their student finance, how to apply for it and manage it online.",https://web.archive.org/web/20180123033001/https://studylink.govt.nz/,23/01/2018 3:30,109,3
Studylink - StudyLink,['Home'],427,"StudyLink, study, student","We help students make informed choices about their student finance, how to apply for it and manage it online.",https://web.archive.org/web/20180123090002/http://www.studylink.govt.nz/,23/01/2018 9:00,109,3
Studylink - StudyLink,['Home'],419,"StudyLink, study, student","We help students make informed choices about their student finance, how to apply for it and manage it online.",https://web.archive.org/web/20180126224633/http://studylink.govt.nz/,26/01/2018 22:46,109,3
Studylink - StudyLink,['Home'],419,"StudyLink, study, student","We help students make informed choices about their student finance, how to apply for it and manage it online.",https://web.archive.org/web/20180126225013/http://www.studylink.govt.nz/,26/01/2018 22:50,109,3
Studylink - StudyLink,['Home'],419,"StudyLink, study, student","We help students make informed choices about their student finance, how to apply for it and manage it online.",https://web.archive.org/web/20180126225551/http://studylink.govt.nz/,26/01/2018 22:55,109,3
Studylink - StudyLink,['Home'],419,"StudyLink, study, student","We help students make informed choices about their student finance, how to apply for it and manage it online.",https://web.archive.org/web/20180126231234/http://www.studylink.govt.nz/,26/01/2018 23:12,109,3
Studylink - StudyLink,['Home'],419,"StudyLink, study, student","We help students make informed choices about their student finance, how to apply for it and manage it online.",https://web.archive.org/web/20180215112638/http://studylink.govt.nz:80/,15/02/2018 11:26,109,3
Studylink - StudyLink,['Home'],419,"StudyLink, study, student","We help students make informed choices about their student finance, how to apply for it and manage it online.",https://web.archive.org/web/20180224070515/https://studylink.govt.nz/,24/02/2018 7:05,109,3
Studylink - StudyLink,['Home'],419,"StudyLink, study, student","We help students make informed choices about their student finance, how to apply for it and manage it online.",https://web.archive.org/web/20180224134338/http://www.studylink.govt.nz/,24/02/2018 13:43,109,3
Studylink - StudyLink,['Home'],413,"StudyLink, study, student","We help students make informed choices about their student finance, how to apply for it and manage it online.",https://web.archive.org/web/20180818060344/https://www.studylink.govt.nz/,18/08/2018 6:03,109,3
Studylink - StudyLink,['Home'],413,"StudyLink, study, student","We help students make informed choices about their student finance, how to apply for it and manage it online.",https://web.archive.org/web/20180828230403/http://www.studylink.govt.nz:80/,28/08/2018 23:04,109,3
Studylink - StudyLink,['Home'],413,"StudyLink, study, student","We help students make informed choices about their student finance, how to apply for it and manage it online.",https://web.archive.org/web/20180831125736/https://studylink.govt.nz/,31/08/2018 12:57,109,3
Studylink - StudyLink,['Home'],413,"StudyLink, study, student","We help students make informed choices about their student finance, how to apply for it and manage it online.",https://web.archive.org/web/20180929173753/http://www.studylink.govt.nz:80/,29/09/2018 17:37,109,3
Studylink - StudyLink,['Home'],408,"StudyLink, study, student","We help students make informed choices about their student finance, how to apply for it and manage it online.",https://web.archive.org/web/20181129200114/https://www.studylink.govt.nz/,29/11/2018 20:01,109,3
Studylink - StudyLink,['Home'],408,"StudyLink, study, student","We help students make informed choices about their student finance, how to apply for it and manage it online.",https://web.archive.org/web/20181202033808/http://www.studylink.govt.nz/,2/12/2018 3:38,109,3
Studylink - StudyLink,['Home'],408,"StudyLink, study, student","We help students make informed choices about their student finance, how to apply for it and manage it online.",https://web.archive.org/web/20181202103405/http://www.studylink.govt.nz:80/,2/12/2018 10:34,109,3
Studylink - StudyLink,['Home'],404,"StudyLink, study, student","We help students make informed choices about their student finance, how to apply for it and manage it online.",https://web.archive.org/web/20181218034617/https://studylink.govt.nz/,18/12/2018 3:46,109,3
Studylink - StudyLink,['Home'],404,"StudyLink, study, student","We help students make informed choices about their student finance, how to apply for it and manage it online.",https://web.archive.org/web/20181218121221/http://www.studylink.govt.nz/,18/12/2018 12:12,109,3
Studylink - StudyLink,['Home'],404,"StudyLink, study, student","We help students make informed choices about their student finance, how to apply for it and manage it online.",https://web.archive.org/web/20190115015237/https://studylink.govt.nz/,15/01/2019 1:52,109,3
Studylink - StudyLink,['Home'],404,"StudyLink, study, student","We help students make informed choices about their student finance, how to apply for it and manage it online.",https://web.archive.org/web/20190115020644/http://www.studylink.govt.nz/,15/01/2019 2:06,109,3
Studylink - StudyLink,['Home'],411,"StudyLink, study, student","We help students make informed choices about their student finance, how to apply for it and manage it online.",https://web.archive.org/web/20190116000811/https://studylink.govt.nz/,16/01/2019 0:08,109,3
Studylink - StudyLink,['Home'],411,"StudyLink, study, student","We help students make informed choices about their student finance, how to apply for it and manage it online.",https://web.archive.org/web/20190121222709/http://studylink.govt.nz/,21/01/2019 22:27,109,3
Studylink - StudyLink,['Home'],411,"StudyLink, study, student","We help students make informed choices about their student finance, how to apply for it and manage it online.",https://web.archive.org/web/20190121222827/http://www.studylink.govt.nz/,21/01/2019 22:28,109,3
Studylink - StudyLink,['Home'],418,"StudyLink, study, student","We help students make informed choices about their student finance, how to apply for it and manage it online.",https://web.archive.org/web/20190329131017/https://www.studylink.govt.nz/,29/03/2019 13:10,109,3
Studylink - StudyLink,['Home'],418,"StudyLink, study, student","We help students make informed choices about their student finance, how to apply for it and manage it online.",https://web.archive.org/web/20190406091319/http://www.studylink.govt.nz:80/,6/04/2019 9:13,109,3
Studylink - StudyLink,['Home'],435,"StudyLink, study, student","We help students make informed choices about their student finance, how to apply for it and manage it online.",https://web.archive.org/web/20190414141358/https://www.studylink.govt.nz/,14/04/2019 14:13,109,3
Studylink - StudyLink,['Home'],435,"StudyLink, study, student","We help students make informed choices about their student finance, how to apply for it and manage it online.",https://web.archive.org/web/20190507051612/http://www.studylink.govt.nz:80/,7/05/2019 5:16,109,3
Studylink - StudyLink,['Home'],447,"StudyLink, study, student","We help students make informed choices about their student finance, how to apply for it and manage it online.",https://web.archive.org/web/20190619183922/https://studylink.govt.nz/,19/06/2019 18:39,109,3
Studylink - StudyLink,['Home'],418,"StudyLink, study, student","We help students make informed choices about their student finance, how to apply for it and manage it online.",https://web.archive.org/web/20190708170139/http://www.studylink.govt.nz:80/,8/07/2019 17:01,109,3
Studylink - StudyLink,['Home'],418,"StudyLink, study, student","We help students make informed choices about their student finance, how to apply for it and manage it online.",https://web.archive.org/web/20190726132717/https://www.studylink.govt.nz/,26/07/2019 13:27,109,3
Studylink - StudyLink,['Home'],447,"StudyLink, study, student","We help students make informed choices about their student finance, how to apply for it and manage it online.",https://web.archive.org/web/20190809181153/http://www.studylink.govt.nz:80/,9/08/2019 18:11,109,3
Studylink - StudyLink,['Home'],447,"StudyLink, study, student","We help students make informed choices about their student finance, how to apply for it and manage it online.",https://web.archive.org/web/20190816160820/https://studylink.govt.nz/,16/08/2019 16:08,109,3
Studylink - StudyLink,['Home'],418,"StudyLink, study, student","We help students make informed choices about their student finance, how to apply for it and manage it online.",https://web.archive.org/web/20190909154418/http://www.studylink.govt.nz:80/,9/09/2019 15:44,109,3
Studylink - StudyLink,['Home'],418,"StudyLink, study, student","We help students make informed choices about their student finance, how to apply for it and manage it online.",https://web.archive.org/web/20190909213157/https://www.studylink.govt.nz/,9/09/2019 21:31,109,3
Studylink - StudyLink,['Home'],421,"StudyLink, study, student","We help students make informed choices about their student finance, how to apply for it and manage it online.",https://web.archive.org/web/20191002205149/http://www.studylink.govt.nz/,2/10/2019 20:51,109,3
Studylink - StudyLink,['Home'],421,"StudyLink, study, student","We help students make informed choices about their student finance, how to apply for it and manage it online.",https://web.archive.org/web/20191003113045/http://www.studylink.govt.nz:80/,3/10/2019 11:30,109,3
Studylink - StudyLink,['Home'],416,"StudyLink, study, student","We help students make informed choices about their student finance, how to apply for it and manage it online.",https://web.archive.org/web/20191116214718/https://www.studylink.govt.nz/,16/11/2019 21:47,109,3
Studylink - StudyLink,['Home'],416,"StudyLink, study, student","We help students make informed choices about their student finance, how to apply for it and manage it online.",https://web.archive.org/web/20191116224349/http://www.studylink.govt.nz/,16/11/2019 22:43,109,3
Studylink - StudyLink,['Home'],416,"StudyLink, study, student","We help students make informed choices about their student finance, how to apply for it and manage it online.",https://web.archive.org/web/20191215185032/https://www.studylink.govt.nz/,15/12/2019 18:50,109,3
Studylink - StudyLink,['Home'],416,"StudyLink, study, student","We help students make informed choices about their student finance, how to apply for it and manage it online.",https://web.archive.org/web/20191224160658/http://studylink.govt.nz:80/,24/12/2019 16:06,109,3
Studylink - StudyLink,['Home'],410,"StudyLink, study, student","We help students make informed choices about their student finance, how to apply for it and manage it online.",https://web.archive.org/web/20200114041623/https://studylink.govt.nz/,14/01/2020 4:16,109,3
Studylink - StudyLink,['Home'],410,"StudyLink, study, student","We help students make informed choices about their student finance, how to apply for it and manage it online.",https://web.archive.org/web/20200114042537/https://studylink.govt.nz/,14/01/2020 4:25,109,3
Studylink - StudyLink,['Home'],410,"StudyLink, study, student","We help students make informed choices about their student finance, how to apply for it and manage it online.",https://web.archive.org/web/20200114042658/http://studylink.govt.nz/,14/01/2020 4:26,109,3
Studylink - StudyLink,['Home'],410,"StudyLink, study, student","We help students make informed choices about their student finance, how to apply for it and manage it online.",https://web.archive.org/web/20200114102650/https://www.studylink.govt.nz/,14/01/2020 10:26,109,3
Studylink - StudyLink,['Home'],410,"StudyLink, study, student","We help students make informed choices about their student finance, how to apply for it and manage it online.",https://web.archive.org/web/20200114172935/http://www.studylink.govt.nz/,14/01/2020 17:29,109,3
Studylink - StudyLink,['Home'],434,"StudyLink, study, student","We help students make informed choices about their student finance, how to apply for it and manage it online.",https://web.archive.org/web/20200309092523/https://www.studylink.govt.nz/,9/03/2020 9:25,109,3
Studylink - StudyLink,['Home'],415,"StudyLink, study, student","We help students make informed choices about their student finance, how to apply for it and manage it online.",https://web.archive.org/web/20200404051121/https://www.studylink.govt.nz/,4/04/2020 5:11,109,3
Studylink - StudyLink,['Home'],421,"StudyLink, study, student","We help students make informed choices about their student finance, how to apply for it and manage it online.",https://web.archive.org/web/20200430075120/https://www.studylink.govt.nz/,30/04/2020 7:51,109,3
Studylink - StudyLink,['Home'],421,"StudyLink, study, student","We help students make informed choices about their student finance, how to apply for it and manage it online.",https://web.archive.org/web/20200503042843/http://www.studylink.govt.nz/,3/05/2020 4:28,109,3
Studylink - StudyLink,['Home'],422,"StudyLink, study, student","We help students make informed choices about their student finance, how to apply for it and manage it online.",https://web.archive.org/web/20200607031106/https://www.studylink.govt.nz/,7/06/2020 3:11,109,3
Studylink - StudyLink,['Home'],422,"StudyLink, study, student","We help students make informed choices about their student finance, how to apply for it and manage it online.",https://web.archive.org/web/20200607141743/http://www.studylink.govt.nz/,7/06/2020 14:17,109,3
Studylink - StudyLink,['Home'],422,"StudyLink, study, student","We help students make informed choices about their student finance, how to apply for it and manage it online.",https://web.archive.org/web/20200627025423/http://www.studylink.govt.nz:80/,27/06/2020 2:54,109,3
Studylink - StudyLink,['Home'],438,"StudyLink, study, student","We help students make informed choices about their student finance, how to apply for it and manage it online.",https://web.archive.org/web/20200723054553/https://www.studylink.govt.nz/,23/07/2020 5:45,109,3
Studylink - StudyLink,['Home'],447,"StudyLink, study, student","We help students make informed choices about their student finance, how to apply for it and manage it online.",https://web.archive.org/web/20200806012239/https://studylink.govt.nz/,6/08/2020 1:22,109,3
Studylink - StudyLink,['Home'],469,"StudyLink, study, student","We help students make informed choices about their student finance, how to apply for it and manage it online.",https://web.archive.org/web/20200812091121/https://www.studylink.govt.nz/,12/08/2020 9:11,109,3
Studylink - StudyLink,['Home'],463,"StudyLink, study, student","We help students make informed choices about their student finance, how to apply for it and manage it online.",https://web.archive.org/web/20200906124756/https://www.studylink.govt.nz/,6/09/2020 12:47,109,3
Studylink - StudyLink,['Home'],470,"StudyLink, study, student","We help students make informed choices about their student finance, how to apply for it and manage it online.",https://web.archive.org/web/20200918222138/https://studylink.govt.nz/,18/09/2020 22:21,109,3
Studylink - StudyLink,['Home'],415,"StudyLink, study, student","We help students make informed choices about their student finance, how to apply for it and manage it online.",https://web.archive.org/web/20201020195546/https://www.studylink.govt.nz/,20/10/2020 19:55,109,3
Studylink - StudyLink,['Home'],418,"StudyLink, study, student","We help students make informed choices about their student finance, how to apply for it and manage it online.",https://web.archive.org/web/20201022024407/https://studylink.govt.nz/,22/10/2020 2:44,109,3
Studylink - StudyLink,['Home'],430,"StudyLink, study, student","We help students make informed choices about their student finance, how to apply for it and manage it online.",https://web.archive.org/web/20201028220919/https://www.studylink.govt.nz/,28/10/2020 22:09,109,3
Studylink - StudyLink,['Home'],422,"StudyLink, study, student","We help students make informed choices about their student finance, how to apply for it and manage it online.",https://web.archive.org/web/20201106232332/http://www.studylink.govt.nz/,6/11/2020 23:23,109,3
Studylink - StudyLink,['Home'],449,"StudyLink, study, student","We help students make informed choices about their student finance, how to apply for it and manage it online.",https://web.archive.org/web/20201111192630/https://www.studylink.govt.nz/,11/11/2020 19:26,109,3
Studylink - StudyLink,['Home'],422,"StudyLink, study, student","We help students make informed choices about their student finance, how to apply for it and manage it online.",https://web.archive.org/web/20201122121133/http://www.studylink.govt.nz/,22/11/2020 12:11,109,3
Studylink - StudyLink,['Home'],422,"StudyLink, study, student","We help students make informed choices about their student finance, how to apply for it and manage it online.",https://web.archive.org/web/20201127013437/https://www.studylink.govt.nz/,27/11/2020 1:34,109,3
Studylink - StudyLink,['Home'],418,"StudyLink, study, student","We help students make informed choices about their student finance, how to apply for it and manage it online.",https://web.archive.org/web/20201203224344/https://www.studylink.govt.nz/,3/12/2020 22:43,109,3
Studylink - StudyLink,['Home'],418,"StudyLink, study, student","We help students make informed choices about their student finance, how to apply for it and manage it online.",https://web.archive.org/web/20201207162444/https://www.studylink.govt.nz/,7/12/2020 16:24,109,3
Studylink - StudyLink,['Home'],414,"StudyLink, study, student","We help students make informed choices about their student finance, how to apply for it and manage it online.",https://web.archive.org/web/20201231103351/https://www.studylink.govt.nz,31/12/2020 10:33,109,3
Studylink - StudyLink,['Home'],414,"StudyLink, study, student","We help students make informed choices about their student finance, how to apply for it and manage it online.",https://web.archive.org/web/20210111075139/https://www.studylink.govt.nz/,11/01/2021 7:51,109,3
Studylink - StudyLink,['Home'],419,"StudyLink, study, student","We help students make informed choices about their student finance, how to apply for it and manage it online.",https://web.archive.org/web/20210119000818/http://studylink.govt.nz/,19/01/2021 0:08,109,3
Studylink - StudyLink,['Home'],419,"StudyLink, study, student","We help students make informed choices about their student finance, how to apply for it and manage it online.",https://web.archive.org/web/20210119013106/https://www.studylink.govt.nz/,19/01/2021 1:31,109,3
Studylink - StudyLink,['Home'],419,"StudyLink, study, student","We help students make informed choices about their student finance, how to apply for it and manage it online.",https://web.archive.org/web/20210119033820/https://studylink.govt.nz/,19/01/2021 3:38,109,3
Studylink - StudyLink,['Home'],416,"StudyLink, study, student","We help students make informed choices about their student finance, how to apply for it and manage it online.",https://web.archive.org/web/20210120232501/http://www.studylink.govt.nz/,20/01/2021 23:25,109,3
Studylink - StudyLink,['Home'],416,"StudyLink, study, student","We help students make informed choices about their student finance, how to apply for it and manage it online.",https://web.archive.org/web/20210122042740/https://studylink.govt.nz/,22/01/2021 4:27,109,3
Studylink - StudyLink,['Home'],416,"StudyLink, study, student","We help students make informed choices about their student finance, how to apply for it and manage it online.",https://web.archive.org/web/20210122171616/http://www.studylink.govt.nz/,22/01/2021 17:16,109,3
Studylink - StudyLink,['Home'],416,"StudyLink, study, student","We help students make informed choices about their student finance, how to apply for it and manage it online.",https://web.archive.org/web/20210126032642/http://studylink.govt.nz/,26/01/2021 3:26,109,3
Studylink - StudyLink,['Home'],416,"StudyLink, study, student","We help students make informed choices about their student finance, how to apply for it and manage it online.",https://web.archive.org/web/20210126055246/http://www.studylink.govt.nz/,26/01/2021 5:52,109,3
Studylink - StudyLink,['Home'],416,"StudyLink, study, student","We help students make informed choices about their student finance, how to apply for it and manage it online.",https://web.archive.org/web/20210127104213/https://studylink.govt.nz/,27/01/2021 10:42,109,3
Studylink - StudyLink,['Home'],416,"StudyLink, study, student","We help students make informed choices about their student finance, how to apply for it and manage it online.",https://web.archive.org/web/20210127223721/https://www.studylink.govt.nz/,27/01/2021 22:37,109,3
Studylink - StudyLink,['Home'],416,"StudyLink, study, student","We help students make informed choices about their student finance, how to apply for it and manage it online.",https://web.archive.org/web/20210206174021/http://www.studylink.govt.nz/,6/02/2021 17:40,109,3
Studylink - StudyLink,['Home'],416,"StudyLink, study, student","We help students make informed choices about their student finance, how to apply for it and manage it online.",https://web.archive.org/web/20210207185915/http://studylink.govt.nz/,7/02/2021 18:59,109,3
Studylink - StudyLink,['Home'],416,"StudyLink, study, student","We help students make informed choices about their student finance, how to apply for it and manage it online.",https://web.archive.org/web/20210207232121/https://studylink.govt.nz/,7/02/2021 23:21,109,3
Studylink - StudyLink,['Home'],416,"StudyLink, study, student","We help students make informed choices about their student finance, how to apply for it and manage it online.",https://web.archive.org/web/20210227085148/https://studylink.govt.nz/,27/02/2021 8:51,109,3
Studylink - StudyLink,['Home'],445,"StudyLink, study, student","We help students make informed choices about their student finance, how to apply for it and manage it online.",https://web.archive.org/web/20210306063302/http://www.studylink.govt.nz/,6/03/2021 6:33,109,3
Studylink - StudyLink,['Home'],402,"StudyLink, study, student","We help students make informed choices about their student finance, how to apply for it and manage it online.",https://web.archive.org/web/20210413204038/http://studylink.govt.nz/,13/04/2021 20:40,109,3
Studylink - StudyLink,['Home'],402,"StudyLink, study, student","We help students make informed choices about their student finance, how to apply for it and manage it online.",https://web.archive.org/web/20210414120143/https://www.studylink.govt.nz/,14/04/2021 12:01,109,3
Studylink - StudyLink,['Home'],402,"StudyLink, study, student","We help students make informed choices about their student finance, how to apply for it and manage it online.",https://web.archive.org/web/20210415114939/http://www.studylink.govt.nz/,15/04/2021 11:49,109,3
Studylink - StudyLink,['Home'],398,"StudyLink, study, student","We help students make informed choices about their student finance, how to apply for it and manage it online.",https://web.archive.org/web/20210422013513/https://studylink.govt.nz/,22/04/2021 1:35,109,3
Studylink - StudyLink,['Home'],398,"StudyLink, study, student","We help students make informed choices about their student finance, how to apply for it and manage it online.",https://web.archive.org/web/20210513015433/https://studylink.govt.nz/,13/05/2021 1:54,109,3
Studylink - StudyLink,['Home'],426,"StudyLink, study, student","We help students make informed choices about their student finance, how to apply for it and manage it online.",https://web.archive.org/web/20210525091540/http://www.studylink.govt.nz/,25/05/2021 9:15,109,3
Studylink - StudyLink,['Home'],426,"StudyLink, study, student","We help students make informed choices about their student finance, how to apply for it and manage it online.",https://web.archive.org/web/20210525091711/https://www.studylink.govt.nz/,25/05/2021 9:17,109,3
Studylink - StudyLink,['Home'],442,"StudyLink, study, student","We help students make informed choices about their student finance, how to apply for it and manage it online.",https://web.archive.org/web/20210613041911/https://studylink.govt.nz/,13/06/2021 4:19,109,3
Studylink - StudyLink,['Home'],426,"StudyLink, study, student","We help students make informed choices about their student finance, how to apply for it and manage it online.",https://web.archive.org/web/20210727171434/https://studylink.govt.nz/,27/07/2021 17:14,109,3
Studylink - StudyLink,['Home'],426,"StudyLink, study, student","We help students make informed choices about their student finance, how to apply for it and manage it online.",https://web.archive.org/web/20210816004029/http://www.studylink.govt.nz/,16/08/2021 0:40,109,3
Studylink - StudyLink,['Home'],433,"StudyLink, study, student","We help students make informed choices about their student finance, how to apply for it and manage it online.",https://web.archive.org/web/20211013040309/https://www.studylink.govt.nz/,13/10/2021 4:03,109,3
Studylink - StudyLink,['Home'],444,"StudyLink, study, student","We help students make informed choices about their student finance, how to apply for it and manage it online.",https://web.archive.org/web/20211019013417/https://www.studylink.govt.nz/,19/10/2021 1:34,109,3
Studylink - StudyLink,['Home'],414,"StudyLink, study, student","We help students make informed choices about their student finance, how to apply for it and manage it online.",https://web.archive.org/web/20211128124837/http://www.studylink.govt.nz/,28/11/2021 12:48,109,3
Studylink - StudyLink,['Home'],414,"StudyLink, study, student","We help students make informed choices about their student finance, how to apply for it and manage it online.",https://web.archive.org/web/20211209031116/https://studylink.govt.nz/,9/12/2021 3:11,109,3
Studylink - StudyLink,['Home'],434,"StudyLink, study, student","We help students make informed choices about their student finance, how to apply for it and manage it online.",https://web.archive.org/web/20211222195638/https://www.studylink.govt.nz/,22/12/2021 19:56,109,3
Studylink - StudyLink,['Home'],434,"StudyLink, study, student","We help students make informed choices about their student finance, how to apply for it and manage it online.",https://web.archive.org/web/20211225161754/http://studylink.govt.nz/,25/12/2021 16:17,109,3
Studylink - StudyLink,['Home'],434,"StudyLink, study, student","We help students make informed choices about their student finance, how to apply for it and manage it online.",https://web.archive.org/web/20220118223320/https://studylink.govt.nz/,18/01/2022 22:33,109,3
Studylink - StudyLink,['Home'],434,"StudyLink, study, student","We help students make informed choices about their student finance, how to apply for it and manage it online.",https://web.archive.org/web/20220119144024/http://studylink.govt.nz/,19/01/2022 14:40,109,3
Studylink - StudyLink,['Home'],434,"StudyLink, study, student","We help students make informed choices about their student finance, how to apply for it and manage it online.",https://web.archive.org/web/20220119153759/http://www.studylink.govt.nz/,19/01/2022 15:37,109,3
Studylink - StudyLink,['Home'],434,"StudyLink, study, student","We help students make informed choices about their student finance, how to apply for it and manage it online.",https://web.archive.org/web/20220119185554/https://studylink.govt.nz/,19/01/2022 18:55,109,3
Studylink - StudyLink,['Home'],434,"StudyLink, study, student","We help students make informed choices about their student finance, how to apply for it and manage it online.",https://web.archive.org/web/20220121044054/http://studylink.govt.nz/,21/01/2022 4:40,109,3
Studylink - StudyLink,['Home'],434,"StudyLink, study, student","We help students make informed choices about their student finance, how to apply for it and manage it online.",https://web.archive.org/web/20220121044104/https://studylink.govt.nz/,21/01/2022 4:41,109,3
Studylink - StudyLink,['Home'],434,"StudyLink, study, student","We help students make informed choices about their student finance, how to apply for it and manage it online.",https://web.archive.org/web/20220121112450/http://www.studylink.govt.nz/,21/01/2022 11:24,109,3
Studylink - StudyLink,['Home'],434,"StudyLink, study, student","We help students make informed choices about their student finance, how to apply for it and manage it online.",https://web.archive.org/web/20220123053552/https://www.studylink.govt.nz/,23/01/2022 5:35,109,3
Studylink - StudyLink,['Home'],434,"StudyLink, study, student","We help students make informed choices about their student finance, how to apply for it and manage it online.",https://web.archive.org/web/20220125025254/http://studylink.govt.nz/,25/01/2022 2:52,109,3
Studylink - StudyLink,['Home'],434,"StudyLink, study, student","We help students make informed choices about their student finance, how to apply for it and manage it online.",https://web.archive.org/web/20220125054529/https://studylink.govt.nz/,25/01/2022 5:45,109,3
Studylink - StudyLink,['Home'],434,"StudyLink, study, student","We help students make informed choices about their student finance, how to apply for it and manage it online.",https://web.archive.org/web/20220125084946/http://www.studylink.govt.nz/,25/01/2022 8:49,109,3
Studylink - StudyLink,['Home'],434,"StudyLink, study, student","We help students make informed choices about their student finance, how to apply for it and manage it online.",https://web.archive.org/web/20220202064941/https://www.studylink.govt.nz/,2/02/2022 6:49,109,3
Studylink - StudyLink,['Home'],434,"StudyLink, study, student","We help students make informed choices about their student finance, how to apply for it and manage it online.",https://web.archive.org/web/20220205160759/http://www.studylink.govt.nz/,5/02/2022 16:07,109,3
Studylink - StudyLink,['Home'],424,"StudyLink, study, student","We help students make informed choices about their student finance, how to apply for it and manage it online.",https://web.archive.org/web/20220303210400/https://www.studylink.govt.nz/,3/03/2022 21:04,109,3
Studylink - StudyLink,['Home'],431,"StudyLink, study, student","We help students make informed choices about their student finance, how to apply for it and manage it online.",https://web.archive.org/web/20220304213253/https://www.studylink.govt.nz/,4/03/2022 21:32,109,3
Studylink - StudyLink,['Home'],431,"StudyLink, study, student","We help students make informed choices about their student finance, how to apply for it and manage it online.",https://web.archive.org/web/20220304213317/http://www.studylink.govt.nz/,4/03/2022 21:33,109,3
Studylink - StudyLink,['Home'],431,"StudyLink, study, student","We help students make informed choices about their student finance, how to apply for it and manage it online.",https://web.archive.org/web/20220305005347/https://studylink.govt.nz/,5/03/2022 0:53,109,3
Studylink - StudyLink,['Home'],431,"StudyLink, study, student","We help students make informed choices about their student finance, how to apply for it and manage it online.",https://web.archive.org/web/20220307040525/http://www.studylink.govt.nz/,7/03/2022 4:05,109,3
Studylink - StudyLink,['Home'],440,"StudyLink, study, student","We help students make informed choices about their student finance, how to apply for it and manage it online.",https://web.archive.org/web/20220308064554/https://studylink.govt.nz/,8/03/2022 6:45,109,3
Studylink - StudyLink,['Home'],440,"StudyLink, study, student","We help students make informed choices about their student finance, how to apply for it and manage it online.",https://web.archive.org/web/20220314071544/https://studylink.govt.nz/,14/03/2022 7:15,109,3
Studylink - StudyLink,['Home'],440,"StudyLink, study, student","We help students make informed choices about their student finance, how to apply for it and manage it online.",https://web.archive.org/web/20220319232517/http://www.studylink.govt.nz/,19/03/2022 23:25,109,3
Studylink - StudyLink,['Home'],440,"StudyLink, study, student","We help students make informed choices about their student finance, how to apply for it and manage it online.",https://web.archive.org/web/20220327041055/http://studylink.govt.nz/,27/03/2022 4:10,109,3
Studylink - StudyLink,['Home'],424,"StudyLink, study, student","We help students make informed choices about their student finance, how to apply for it and manage it online.",https://web.archive.org/web/20220403192019/https://www.studylink.govt.nz/,3/04/2022 19:20,109,3
Studylink - StudyLink,['Home'],424,"StudyLink, study, student","We help students make informed choices about their student finance, how to apply for it and manage it online.",https://web.archive.org/web/20220404044752/http://www.studylink.govt.nz/,4/04/2022 4:47,109,3
Studylink - StudyLink,['Home'],424,"StudyLink, study, student","We help students make informed choices about their student finance, how to apply for it and manage it online.",https://web.archive.org/web/20220406222409/https://studylink.govt.nz/,6/04/2022 22:24,109,3
Studylink - StudyLink,['Home'],424,"StudyLink, study, student","We help students make informed choices about their student finance, how to apply for it and manage it online.",https://web.archive.org/web/20220409194438/http://studylink.govt.nz/,9/04/2022 19:44,109,3
Studylink - StudyLink,['Home'],424,"StudyLink, study, student","We help students make informed choices about their student finance, how to apply for it and manage it online.",https://web.archive.org/web/20220413152611/https://studylink.govt.nz/,13/04/2022 15:26,109,3
Studylink - StudyLink,['Home'],424,"StudyLink, study, student","We help students make informed choices about their student finance, how to apply for it and manage it online.",https://web.archive.org/web/20220506141312/http://www.studylink.govt.nz/,6/05/2022 14:13,109,3
Studylink - StudyLink,['Home'],424,"StudyLink, study, student","We help students make informed choices about their student finance, how to apply for it and manage it online.",https://web.archive.org/web/20220516083343/https://www.studylink.govt.nz/,16/05/2022 8:33,109,3
Studylink - StudyLink,['Home'],439,"StudyLink, study, student","We help students make informed choices about their student finance, how to apply for it and manage it online.",https://web.archive.org/web/20220519074526/https://studylink.govt.nz/,19/05/2022 7:45,109,3
StudyLink - StudyLink,['Home'],427,No keywords found,No description found,https://web.archive.org/web/20220603114251/https://www.studylink.govt.nz/,3/06/2022 11:42,0,0
StudyLink - StudyLink,['Home'],427,No keywords found,No description found,https://web.archive.org/web/20220606173201/http://www.studylink.govt.nz/,6/06/2022 17:32,0,0
StudyLink - StudyLink,['Home'],427,No keywords found,No description found,https://web.archive.org/web/20220626030118/https://www.studylink.govt.nz/,26/06/2022 3:01,0,0
StudyLink - StudyLink,['Home'],427,No keywords found,No description found,https://web.archive.org/web/20220626052959/https://studylink.govt.nz/,26/06/2022 5:29,0,0
StudyLink - StudyLink,['Home'],427,No keywords found,No description found,https://web.archive.org/web/20220629012731/https://www.studylink.govt.nz/,29/06/2022 1:27,0,0
StudyLink - StudyLink,['Home'],427,No keywords found,No description found,https://web.archive.org/web/20220706045756/https://studylink.govt.nz/,6/07/2022 4:57,0,0
StudyLink - StudyLink,['Home'],427,No keywords found,No description found,https://web.archive.org/web/20220709070341/https://studylink.govt.nz/,9/07/2022 7:03,0,0
StudyLink - StudyLink,['Home'],448,"StudyLink, study, student","We help students make informed choices about their student finance, how to apply for it and manage it online.",https://web.archive.org/web/20220802203544/http://studylink.govt.nz/,2/08/2022 20:35,109,3
StudyLink - StudyLink,['Home'],448,"StudyLink, study, student","We help students make informed choices about their student finance, how to apply for it and manage it online.",https://web.archive.org/web/20220806131625/https://www.studylink.govt.nz/,6/08/2022 13:16,109,3
StudyLink - StudyLink,['Home'],440,"StudyLink, study, student","We help students make informed choices about their student finance, how to apply for it and manage it online.",https://web.archive.org/web/20221002161541/https://www.studylink.govt.nz/,2/10/2022 16:15,109,3
StudyLink - StudyLink,['Home'],421,"StudyLink, study, student","We help students make informed choices about their student finance, how to apply for it and manage it online.",https://web.archive.org/web/20221011185704/https://studylink.govt.nz/,11/10/2022 18:57,109,3
StudyLink - StudyLink,['Home'],404,"StudyLink, study, student","We help students make informed choices about their student finance, how to apply for it and manage it online.",https://web.archive.org/web/20221102004802/https://www.studylink.govt.nz/,2/11/2022 0:48,109,3
StudyLink - StudyLink,['Home'],435,"StudyLink, study, student","We help students make informed choices about their student finance, how to apply for it and manage it online.",https://web.archive.org/web/20221111093727/https://www.studylink.govt.nz./,11/11/2022 9:37,109,3
StudyLink - StudyLink,['Home'],432,"StudyLink, study, student","We help students make informed choices about their student finance, how to apply for it and manage it online.",https://web.archive.org/web/20221201171416/https://www.studylink.govt.nz/,1/12/2022 17:14,109,3
StudyLink - StudyLink,['Home'],432,"StudyLink, study, student","We help students make informed choices about their student finance, how to apply for it and manage it online.",https://web.archive.org/web/20221205002009/http://studylink.govt.nz/,5/12/2022 0:20,109,3
StudyLink - StudyLink,['Home'],487,"StudyLink, study, student","We help students make informed choices about their student finance, how to apply for it and manage it online.",https://web.archive.org/web/20221210013722/https://studylink.govt.nz/,10/12/2022 1:37,109,3
StudyLink - StudyLink,['Home'],487,"StudyLink, study, student","We help students make informed choices about their student finance, how to apply for it and manage it online.",https://web.archive.org/web/20221210074512/https://studylink.govt.nz/,10/12/2022 7:45,109,3
StudyLink - StudyLink,['Home'],473,"StudyLink, study, student","We help students make informed choices about their student finance, how to apply for it and manage it online.",https://web.archive.org/web/20230114021834/https://www.studylink.govt.nz/,14/01/2023 2:18,109,3
StudyLink - StudyLink,['Home'],473,"StudyLink, study, student","We help students make informed choices about their student finance, how to apply for it and manage it online.",https://web.archive.org/web/20230119025404/http://studylink.govt.nz/,19/01/2023 2:54,109,3
StudyLink - StudyLink,['Home'],473,"StudyLink, study, student","We help students make informed choices about their student finance, how to apply for it and manage it online.",https://web.archive.org/web/20230119144357/http://www.studylink.govt.nz/,19/01/2023 14:43,109,3
StudyLink - StudyLink,['Home'],473,"StudyLink, study, student","We help students make informed choices about their student finance, how to apply for it and manage it online.",https://web.archive.org/web/20230124011112/https://studylink.govt.nz/,24/01/2023 1:11,109,3
StudyLink - StudyLink,['Home'],473,"StudyLink, study, student","We help students make informed choices about their student finance, how to apply for it and manage it online.",https://web.archive.org/web/20230124024324/http://www.studylink.govt.nz/,24/01/2023 2:43,109,3
StudyLink - StudyLink,['Home'],473,"StudyLink, study, student","We help students make informed choices about their student finance, how to apply for it and manage it online.",https://web.archive.org/web/20230124052145/https://studylink.govt.nz/,24/01/2023 5:21,109,3
StudyLink - StudyLink,['Home'],473,"StudyLink, study, student","We help students make informed choices about their student finance, how to apply for it and manage it online.",https://web.archive.org/web/20230126135639/http://www.studylink.govt.nz/,26/01/2023 13:56,109,3
StudyLink - StudyLink,['Home'],473,"StudyLink, study, student","We help students make informed choices about their student finance, how to apply for it and manage it online.",https://web.archive.org/web/20230126211215/https://studylink.govt.nz/,26/01/2023 21:12,109,3
StudyLink - StudyLink,['Home'],498,"StudyLink, study, student","We help students make informed choices about their student finance, how to apply for it and manage it online.",https://web.archive.org/web/20230216105222/https://www.studylink.govt.nz/,16/02/2023 10:52,109,3
StudyLink,"['Kia ora, welcome to StudyLink']",519,"StudyLink, study, student","We help students make informed choices about their student finance, how to apply for it and manage it online.",https://web.archive.org/web/20230301104930/https://studylink.govt.nz/,1/03/2023 10:49,109,3
StudyLink,"['Kia ora, welcome to StudyLink']",519,"StudyLink, study, student","We help students make informed choices about their student finance, how to apply for it and manage it online.",https://web.archive.org/web/20230308043812/https://www.studylink.govt.nz/,8/03/2023 4:38,109,3
StudyLink,"['Kia ora, welcome to StudyLink']",519,"StudyLink, study, student","We help students make informed choices about their student finance, how to apply for it and manage it online.",https://web.archive.org/web/20230309200004/http://www.studylink.govt.nz/,9/03/2023 20:00,109,3
StudyLink,"['Kia ora, welcome to StudyLink']",560,"StudyLink, study, student","We help students make informed choices about their student finance, how to apply for it and manage it online.",https://web.archive.org/web/20230316074011/http://www.studylink.govt.nz/,16/03/2023 7:40,109,3
StudyLink,"['Kia ora, welcome to StudyLink']",560,"StudyLink, study, student","We help students make informed choices about their student finance, how to apply for it and manage it online.",https://web.archive.org/web/20230316223822/http://studylink.govt.nz/,16/03/2023 22:38,109,3
StudyLink,"['Kia ora, welcome to StudyLink']",560,"StudyLink, study, student","We help students make informed choices about their student finance, how to apply for it and manage it online.",https://web.archive.org/web/20230317211224/https://www.studylink.govt.nz/,17/03/2023 21:12,109,3
StudyLink,"['Kia ora, welcome to StudyLink']",520,"StudyLink, study, student","We help students make informed choices about their student finance, how to apply for it and manage it online.",https://web.archive.org/web/20230325071311/http://www.studylink.govt.nz/,25/03/2023 7:13,109,3
StudyLink,"['Kia ora, welcome to StudyLink']",520,"StudyLink, study, student","We help students make informed choices about their student finance, how to apply for it and manage it online.",https://web.archive.org/web/20230328101919/https://studylink.govt.nz/,28/03/2023 10:19,109,3
StudyLink,"['Kia ora, welcome to StudyLink']",520,"StudyLink, study, student","We help students make informed choices about their student finance, how to apply for it and manage it online.",https://web.archive.org/web/20230404025226/http://www.studylink.govt.nz/,4/04/2023 2:52,109,3
StudyLink,"['Kia ora, welcome to StudyLink']",520,"StudyLink, study, student","We help students make informed choices about their student finance, how to apply for it and manage it online.",https://web.archive.org/web/20230404085741/https://www.studylink.govt.nz/,4/04/2023 8:57,109,3
StudyLink,"['Kia ora, welcome to StudyLink']",525,"StudyLink, study, student","We help students make informed choices about their student finance, how to apply for it and manage it online.",https://web.archive.org/web/20230506073205/https://www.studylink.govt.nz/,6/05/2023 7:32,109,3
StudyLink,"['Kia ora, welcome to StudyLink']",517,"StudyLink, study, student","We help students make informed choices about their student finance, how to apply for it and manage it online.",https://web.archive.org/web/20230523102139/https://www.studylink.govt.nz/,23/05/2023 10:21,109,3
StudyLink,"['Kia ora, welcome to StudyLink']",502,"StudyLink, study, student","We help students make informed choices about their student finance, how to apply for it and manage it online.",https://web.archive.org/web/20230530040716/https://www.studylink.govt.nz/,30/05/2023 4:07,109,3
StudyLink,"['Kia ora, welcome to StudyLink']",504,"StudyLink, study, student","We help students make informed choices about their student finance, how to apply for it and manage it online.",https://web.archive.org/web/20230601122347/https://www.studylink.govt.nz/,1/06/2023 12:23,109,3
StudyLink,"['Kia ora, welcome to StudyLink']",504,"StudyLink, study, student","We help students make informed choices about their student finance, how to apply for it and manage it online.",https://web.archive.org/web/20230602072512/http://www.studylink.govt.nz/,2/06/2023 7:25,109,3
StudyLink,"['Kia ora, welcome to StudyLink']",504,"StudyLink, study, student","We help students make informed choices about their student finance, how to apply for it and manage it online.",https://web.archive.org/web/20230603133609/https://studylink.govt.nz/,3/06/2023 13:36,109,3
StudyLink,"['Kia ora, welcome to StudyLink']",504,"StudyLink, study, student","We help students make informed choices about their student finance, how to apply for it and manage it online.",https://web.archive.org/web/20230606174627/https://www.studylink.govt.nz/,6/06/2023 17:46,109,3
StudyLink,"['Kia ora, welcome to StudyLink']",551,"StudyLink, study, student","We help students make informed choices about their student finance, how to apply for it and manage it online.",https://web.archive.org/web/20230609034335/https://studylink.govt.nz/,9/06/2023 3:43,109,3
StudyLink,"['Kia ora, welcome to StudyLink']",529,"StudyLink, study, student","We help students make informed choices about their student finance, how to apply for it and manage it online.",https://web.archive.org/web/20230703210722/https://www.studylink.govt.nz/,3/07/2023 21:07,109,3
StudyLink,"['Kia ora, welcome to StudyLink']",556,"StudyLink, study, student","We help students make informed choices about their student finance, how to apply for it and manage it online.",https://web.archive.org/web/20230721101017/https://studylink.govt.nz/,21/07/2023 10:10,109,3
StudyLink,"['Kia ora, welcome to StudyLink']",565,"StudyLink, study, student","We help students make informed choices about their student finance, how to apply for it and manage it online.",https://web.archive.org/web/20230811080249/https://www.studylink.govt.nz/,11/08/2023 8:02,109,3
StudyLink,"['Kia ora, welcome to StudyLink']",539,"StudyLink, study, student","We help students make informed choices about their student finance, how to apply for it and manage it online.",https://web.archive.org/web/20230822124026/http://www.studylink.govt.nz/,22/08/2023 12:40,109,3
StudyLink,"['Kia ora, welcome to StudyLink']",542,"StudyLink, study, student","We help students make informed choices about their student finance, how to apply for it and manage it online.",https://web.archive.org/web/20230903214457/http://www.studylink.govt.nz/,3/09/2023 21:44,109,3
StudyLink,"['Kia ora, welcome to StudyLink']",536,"StudyLink, study, student","We help students make informed choices about their student finance, how to apply for it and manage it online.",https://web.archive.org/web/20230925084023/https://studylink.govt.nz/,25/09/2023 8:40,109,3
StudyLink,"['Kia ora, welcome to StudyLink']",536,"StudyLink, study, student","We help students make informed choices about their student finance, how to apply for it and manage it online.",https://web.archive.org/web/20231015052939/http://www.studylink.govt.nz/,15/10/2023 5:29,109,3
StudyLink,"['Kia ora, welcome to StudyLink']",522,"StudyLink, study, student","We help students make informed choices about their student finance, how to apply for it and manage it online.",https://web.archive.org/web/20231202015559/https://www.studylink.govt.nz/,2/12/2023 1:55,109,3
StudyLink,"['Kia ora, welcome to StudyLink']",522,"StudyLink, study, student","We help students make informed choices about their student finance, how to apply for it and manage it online.",https://web.archive.org/web/20231212095615/http://www.studylink.govt.nz/,12/12/2023 9:56,109,3
StudyLink,"['Kia ora, welcome to StudyLink']",543,"StudyLink, study, student","We help students make informed choices about their student finance, how to apply for it and manage it online.",https://web.archive.org/web/20240208021216/https://www.studylink.govt.nz/,8/02/2024 2:12,109,3
StudyLink,"['Kia ora, welcome to StudyLink']",519,"StudyLink, study, student","We help students make informed choices about their student finance, how to apply for it and manage it online.",https://web.archive.org/web/20240227221531/https://studylink.govt.nz/,27/02/2024 22:15,109,3
StudyLink,"['Kia ora, welcome to StudyLink']",585,"StudyLink, study, student","We help students make informed choices about their student finance, how to apply for it and manage it online.",https://web.archive.org/web/20240329080009/https://www.studylink.govt.nz/,29/03/2024 8:00,109,3
StudyLink,"['Kia ora, welcome to StudyLink']",585,"StudyLink, study, student","We help students make informed choices about their student finance, how to apply for it and manage it online.",https://web.archive.org/web/20240329093229/http://www.studylink.govt.nz/,29/03/2024 9:32,109,3
StudyLink,"['Kia ora, welcome to StudyLink']",557,"StudyLink, study, student","We help students make informed choices about their student finance, how to apply for it and manage it online.",https://web.archive.org/web/20240421102332/https://studylink.govt.nz/,21/04/2024 10:23,109,3
StudyLink,"['Kia ora, welcome to StudyLink']",570,"StudyLink, study, student","We help students make informed choices about their student finance, how to apply for it and manage it online.",https://web.archive.org/web/20240430051955/https://www.studylink.govt.nz/,30/04/2024 5:19,109,3
StudyLink,"['Kia ora, welcome to StudyLink']",570,"StudyLink, study, student","We help students make informed choices about their student finance, how to apply for it and manage it online.",https://web.archive.org/web/20240505050117/http://studylink.govt.nz/,5/05/2024 5:01,109,3
StudyLink,"['Kia ora, welcome to StudyLink']",570,"StudyLink, study, student","We help students make informed choices about their student finance, how to apply for it and manage it online.",https://web.archive.org/web/20240505125340/http://www.studylink.govt.nz/,5/05/2024 12:53,109,3
StudyLink,"['Kia ora, welcome to StudyLink']",570,"StudyLink, study, student","We help students make informed choices about their student finance, how to apply for it and manage it online.",https://web.archive.org/web/20240507050202/https://www.studylink.govt.nz/,7/05/2024 5:02,109,3
StudyLink,"['Kia ora, welcome to StudyLink']",570,"StudyLink, study, student","We help students make informed choices about their student finance, how to apply for it and manage it online.",https://web.archive.org/web/20240507083800/http://studylink.govt.nz/,7/05/2024 8:38,109,3
StudyLink,"['Kia ora, welcome to StudyLink']",570,"StudyLink, study, student","We help students make informed choices about their student finance, how to apply for it and manage it online.",https://web.archive.org/web/20240507162211/http://www.studylink.govt.nz/,7/05/2024 16:22,109,3
StudyLink,"['Kia ora, welcome to StudyLink']",571,"StudyLink, study, student","We help students make informed choices about their student finance, how to apply for it and manage it online.",https://web.archive.org/web/20240514105221/https://www.studylink.govt.nz/,14/05/2024 10:52,109,3
StudyLink,"['Kia ora, welcome to StudyLink']",571,"StudyLink, study, student","We help students make informed choices about their student finance, how to apply for it and manage it online.",https://web.archive.org/web/20240515081040/http://www.studylink.govt.nz/,15/05/2024 8:10,109,3
StudyLink,"['Kia ora, welcome to StudyLink']",571,"StudyLink, study, student","We help students make informed choices about their student finance, how to apply for it and manage it online.",https://web.archive.org/web/20240515081336/https://studylink.govt.nz/,15/05/2024 8:13,109,3
StudyLink,"['Kia ora, welcome to StudyLink']",571,"StudyLink, study, student","We help students make informed choices about their student finance, how to apply for it and manage it online.",https://web.archive.org/web/20240515081700/http://studylink.govt.nz/,15/05/2024 8:17,109,3
StudyLink,"['Kia ora, welcome to StudyLink']",571,"StudyLink, study, student","We help students make informed choices about their student finance, how to apply for it and manage it online.",https://web.archive.org/web/20240516080640/https://www.studylink.govt.nz/,16/05/2024 8:06,109,3
StudyLink,"['Kia ora, welcome to StudyLink']",571,"StudyLink, study, student","We help students make informed choices about their student finance, how to apply for it and manage it online.",https://web.archive.org/web/20240524030531/https://studylink.govt.nz/,24/05/2024 3:05,109,3
StudyLink,"['Kia ora, welcome to StudyLink']",557,"StudyLink, study, student","We help students make informed choices about their student finance, how to apply for it and manage it online.",https://web.archive.org/web/20240602200637/http://www.studylink.govt.nz./,2/06/2024 20:06,109,3
StudyLink,"['Kia ora, welcome to StudyLink']",557,"StudyLink, study, student","We help students make informed choices about their student finance, how to apply for it and manage it online.",https://web.archive.org/web/20240603132205/https://studylink.govt.nz/,3/06/2024 13:22,109,3
StudyLink,"['Kia ora, welcome to StudyLink']",586,"StudyLink, study, student","We help students make informed choices about their student finance, how to apply for it and manage it online.",https://web.archive.org/web/20240605062847/https://www.studylink.govt.nz/,5/06/2024 6:28,109,3
StudyLink,"['Kia ora, welcome to StudyLink']",608,"StudyLink, study, student","We help students make informed choices about their student finance, how to apply for it and manage it online.",https://web.archive.org/web/20240610075025/https://www.studylink.govt.nz/,10/06/2024 7:50,109,3
StudyLink,"['Kia ora, welcome to StudyLink']",603,"StudyLink, study, student","We help students make informed choices about their student finance, how to apply for it and manage it online.",https://web.archive.org/web/20240618203228/https://studylink.govt.nz/,18/06/2024 20:32,109,3
StudyLink,"['Kia ora, welcome to StudyLink']",614,"StudyLink, study, student","We help students make informed choices about their student finance, how to apply for it and manage it online.",https://web.archive.org/web/20240708030212/https://www.studylink.govt.nz/,8/07/2024 3:02,109,3
StudyLink,"['Kia ora, welcome to StudyLink']",614,"StudyLink, study, student","We help students make informed choices about their student finance, how to apply for it and manage it online.",https://web.archive.org/web/20240714024434/https://www.studylink.govt.nz/,14/07/2024 2:44,109,3
StudyLink,"['Kia ora, welcome to StudyLink']",614,"StudyLink, study, student","We help students make informed choices about their student finance, how to apply for it and manage it online.",https://web.archive.org/web/20240723133728/https://studylink.govt.nz/,23/07/2024 13:37,109,3
StudyLink,"['Kia ora, welcome to StudyLink']",617,"StudyLink, study, student","We help students make informed choices about their student finance, how to apply for it and manage it online.",https://web.archive.org/web/20240731072558/https://www.studylink.govt.nz/,31/07/2024 7:25,109,3
StudyLink,"['Kia ora, welcome to StudyLink']",617,"StudyLink, study, student","We help students make informed choices about their student finance, how to apply for it and manage it online.",https://web.archive.org/web/20240808071007/https://www.studylink.govt.nz/,8/08/2024 7:10,109,3
StudyLink,"['Kia ora, welcome to StudyLink']",614,"StudyLink, study, student","We help students make informed choices about their student finance, how to apply for it and manage it online.",https://web.archive.org/web/20240813014847/http://www.studylink.govt.nz/,13/08/2024 1:48,109,3
StudyLink,"['Kia ora, welcome to StudyLink']",614,"StudyLink, study, student","We help students make informed choices about their student finance, how to apply for it and manage it online.",https://web.archive.org/web/20240813164108/https://www.studylink.govt.nz/,13/08/2024 16:41,109,3
StudyLink,"['Kia ora, welcome to StudyLink']",638,"StudyLink, study, student","We help students make informed choices about their student finance, how to apply for it and manage it online.",https://web.archive.org/web/20240916052001/https://www.studylink.govt.nz/,16/09/2024 5:20,109,3
StudyLink,"['Kia ora, welcome to StudyLink']",638,"StudyLink, study, student","We help students make informed choices about their student finance, how to apply for it and manage it online.",https://web.archive.org/web/20240917123410/https://www.studylink.govt.nz/,17/09/2024 12:34,109,3
StudyLink,"['Kia ora, welcome to StudyLink']",656,"StudyLink, study, student","We help students make informed choices about their student finance, how to apply for it and manage it online.",https://web.archive.org/web/20240925033726/https://studylink.govt.nz/,25/09/2024 3:37,109,3
StudyLink,"['Kia ora, welcome to StudyLink']",635,"StudyLink, study, student","We help students make informed choices about their student finance, how to apply for it and manage it online.",https://web.archive.org/web/20241113202937/https://www.studylink.govt.nz/,13/11/2024 20:29,109,3
StudyLink,"['Kia ora, welcome to StudyLink']",635,"StudyLink, study, student","We help students make informed choices about their student finance, how to apply for it and manage it online.",https://web.archive.org/web/20241113203056/http://www.studylink.govt.nz/,13/11/2024 20:30,109,3
StudyLink,"['Kia ora, welcome to StudyLink']",635,"StudyLink, study, student","We help students make informed choices about their student finance, how to apply for it and manage it online.",https://web.archive.org/web/20241113205256/http://studylink.govt.nz/,13/11/2024 20:52,109,3
